dataset,model,k,method,baseline,n_examples,delta_accuracy,delta_ci_lower,delta_ci_upper,bootstrap_p,mcnemar_p,n_discordant
agnews,gemma-2b,5,bm25,random,1500,0.09666666666666666,0.07066666666666667,0.122,0.0,1.052032692024047e-12,417
agnews,gemma-2b,5,ids,random,1500,0.09133333333333334,0.066,0.11733333333333333,0.0,1.4412753450133249e-11,413
agnews,gemma-2b,5,influence,random,1500,0.094,0.07,0.118,0.0,5.0449383735462986e-14,355
agnews,gemma-2b,5,rdes,random,1500,-0.03933333333333333,-0.06866666666666667,-0.008666666666666666,0.9952,0.013070081513616843,547
agnews,gemma-2b,5,se2,random,1500,0.12533333333333332,0.10066666666666667,0.15,0.0,9.206575313981875e-22,396
agnews,gemma-2b,5,topk,random,1500,0.10133333333333333,0.07733333333333334,0.126,0.0,1.9960251164766903e-15,372
agnews,gemma-2b,5,topk_cone,random,1500,0.12133333333333333,0.096,0.14733333333333334,0.0,1.534001357667083e-20,394
agnews,llama-3.2-3b,5,bm25,random,1500,0.026,0.006666666666666667,0.04533333333333334,0.0044,0.008419191935872749,209
agnews,llama-3.2-3b,5,ids,random,1500,0.021333333333333333,0.001983333333333339,0.04066666666666666,0.0184,0.037233111211850495,222
agnews,llama-3.2-3b,5,influence,random,1500,0.01,-0.009333333333333334,0.028666666666666667,0.1622,0.3506719650699692,225
agnews,llama-3.2-3b,5,rdes,random,1500,-0.016666666666666666,-0.03534999999999999,0.0026666666666666666,0.9608,0.09825786115449774,211
agnews,llama-3.2-3b,5,se2,random,1500,0.044,0.025333333333333333,0.06266666666666666,0.0,3.9796172586991305e-06,202
agnews,llama-3.2-3b,5,topk,random,1500,0.002,-0.018666666666666668,0.02266666666666667,0.4348,0.8991755737053813,249
agnews,llama-3.2-3b,5,topk_cone,random,1500,0.036,0.016,0.056666666666666664,0.0002,0.0005331282889111652,236
agnews,qwen2.5-7b,5,bm25,random,1500,0.021333333333333333,0.007316666666666672,0.036,0.0028,0.004455023177550935,120
agnews,qwen2.5-7b,5,ids,random,1500,0.008,-0.007333333333333333,0.023333333333333334,0.1612,0.3525838270722768,140
agnews,qwen2.5-7b,5,influence,random,1500,0.03333333333333333,0.020666666666666667,0.04668333333333309,0.0,9.701730804528465e-07,104
agnews,qwen2.5-7b,5,rdes,random,1500,0.004666666666666667,-0.008666666666666666,0.019333333333333334,0.2618,0.5760121204363974,115
agnews,qwen2.5-7b,5,se2,random,1500,0.018666666666666668,0.003983333333333339,0.034666666666666665,0.0086,0.020260011254246032,136
agnews,qwen2.5-7b,5,topk,random,1500,0.012,-0.004,0.028,0.0682,0.15633984208003943,144
agnews,qwen2.5-7b,5,topk_cone,random,1500,0.032,0.017333333333333333,0.04733333333333333,0.0,3.573574653630987e-05,132
csqa,gemma-2b,5,bm25,random,1500,-0.06866666666666667,-0.098,-0.03933333333333333,1.0,3.851848937367434e-06,491
csqa,gemma-2b,5,ids,random,1500,-0.032,-0.058,-0.005333333333333333,0.9918,0.0198615155373316,408
csqa,gemma-2b,5,influence,random,1500,-0.014,-0.04066666666666666,0.012,0.862,0.3130371519267656,393
csqa,gemma-2b,5,rdes,random,1500,-0.012,-0.034,0.01068333333333309,0.8538,0.32635399192504716,300
csqa,gemma-2b,5,se2,random,1500,-0.06866666666666667,-0.09666666666666666,-0.03933333333333333,1.0,4.616152510827452e-06,499
csqa,gemma-2b,5,topk,random,1500,-0.04733333333333333,-0.07533333333333334,-0.018666666666666668,1.0,0.0010909862003627045,461
csqa,gemma-2b,5,topk_cone,random,1500,-0.054,-0.08133333333333333,-0.025333333333333333,1.0,0.0002490507407926858,479
csqa,llama-3.2-3b,5,bm25,random,1500,0.008,-0.011333333333333334,0.027333333333333334,0.218,0.46042708590863607,222
csqa,llama-3.2-3b,5,ids,random,1500,0.01,-0.008666666666666666,0.028666666666666667,0.1492,0.3234117938996339,201
csqa,llama-3.2-3b,5,influence,random,1500,0.0,-0.016,0.016016666666666426,0.518,1.0,150
csqa,llama-3.2-3b,5,rdes,random,1500,-0.0006666666666666666,-0.015333333333333332,0.014,0.5554,1.0,127
csqa,llama-3.2-3b,5,se2,random,1500,0.016,-0.004,0.036,0.0604,0.12752192994149272,228
csqa,llama-3.2-3b,5,topk,random,1500,0.012666666666666666,-0.006666666666666667,0.032,0.112,0.22588707069169456,221
csqa,llama-3.2-3b,5,topk_cone,random,1500,0.012666666666666666,-0.006666666666666667,0.03266666666666666,0.1086,0.2300641862555048,225
csqa,qwen2.5-7b,5,bm25,random,1500,-0.015333333333333332,-0.03133333333333333,0.0006666666666666666,0.9714,0.07113927435911298,149
csqa,qwen2.5-7b,5,ids,random,1500,-0.027333333333333334,-0.042,-0.012666666666666666,1.0,0.00034695871624028385,127
csqa,qwen2.5-7b,5,influence,random,1500,-0.0013333333333333333,-0.013333333333333334,0.010666666666666666,0.6052,0.9161288770112904,90
csqa,qwen2.5-7b,5,rdes,random,1500,-0.006,-0.018666666666666668,0.006666666666666667,0.843,0.40181279606987963,91
csqa,qwen2.5-7b,5,se2,random,1500,-0.01,-0.026,0.006,0.8974,0.24812572575379252,147
csqa,qwen2.5-7b,5,topk,random,1500,-0.013333333333333334,-0.029333333333333333,0.0026666666666666666,0.9508,0.12052916970948825,150
csqa,qwen2.5-7b,5,topk_cone,random,1500,-0.013333333333333334,-0.03,0.0026666666666666666,0.947,0.13038570384790593,158
sst5,gemma-2b,5,bm25,random,1500,0.0033333333333333335,-0.023333333333333334,0.03,0.4096,0.8436187098456563,411
sst5,gemma-2b,5,ids,random,1500,0.012666666666666666,-0.01,0.03666666666666667,0.1528,0.30894960067362953,313
sst5,gemma-2b,5,influence,random,1500,0.02266666666666667,-0.0006666666666666666,0.046,0.0296,0.06911799926866018,330
sst5,gemma-2b,5,rdes,random,1500,-0.034,-0.06,-0.007333333333333333,0.9928,0.01616963126551749,433
sst5,gemma-2b,5,se2,random,1500,0.010666666666666666,-0.014666666666666666,0.03666666666666667,0.2272,0.44403569121143177,384
sst5,gemma-2b,5,topk,random,1500,0.01,-0.015349999999999994,0.036,0.2276,0.4856056317681559,403
sst5,gemma-2b,5,topk_cone,random,1500,0.016,-0.009333333333333334,0.042,0.1118,0.23800982447438998,380
sst5,llama-3.2-3b,5,bm25,random,1500,-0.002,-0.03,0.02666666666666667,0.5694,0.9248165023735693,449
sst5,llama-3.2-3b,5,ids,random,1500,-0.02,-0.04666666666666667,0.007333333333333333,0.927,0.15894270468897087,424
sst5,llama-3.2-3b,5,influence,random,1500,0.028666666666666667,0.0026666666666666666,0.05466666666666667,0.0154,0.034905904082377585,397
sst5,llama-3.2-3b,5,rdes,random,1500,-0.037333333333333336,-0.06533333333333333,-0.008666666666666666,0.9964,0.010258515321627281,460
sst5,llama-3.2-3b,5,se2,random,1500,0.018666666666666668,-0.008,0.04533333333333334,0.0856,0.18125086876063554,408
sst5,llama-3.2-3b,5,topk,random,1500,0.010666666666666666,-0.016,0.037333333333333336,0.2208,0.47257059790349465,436
sst5,llama-3.2-3b,5,topk_cone,random,1500,0.010666666666666666,-0.017333333333333333,0.038,0.2318,0.48530341225698354,462
sst5,qwen2.5-7b,5,bm25,random,1500,-0.014666666666666666,-0.037333333333333336,0.008,0.8984,0.22682940521543385,302
sst5,qwen2.5-7b,5,ids,random,1500,0.0,-0.023333333333333334,0.02266666666666667,0.5094,1.0,306
sst5,qwen2.5-7b,5,influence,random,1500,0.018,-0.004,0.04066666666666666,0.0586,0.12470144137133134,287
sst5,qwen2.5-7b,5,rdes,random,1500,-0.024666666666666667,-0.04666666666666667,-0.0033333333333333335,0.9876,0.03035424984570024,277
sst5,qwen2.5-7b,5,se2,random,1500,-0.016,-0.038,0.006,0.9274,0.1737178247479881,286
sst5,qwen2.5-7b,5,topk,random,1500,-0.007333333333333333,-0.029333333333333333,0.014,0.7512,0.5536928602578838,285
sst5,qwen2.5-7b,5,topk_cone,random,1500,0.012666666666666666,-0.01,0.034666666666666665,0.1406,0.2896639099747189,289
