dataset,model,method,k,n_seeds,accuracy_mean,accuracy_std,accuracy_ci_lower,accuracy_ci_upper,f1_mean,f1_std,parse_failure_rate,selection_time_s,inference_time_s,fit_time_s
agnews,gemma-2b,bm25,5,3,0.8093333333333333,0.004163331998932207,0.798991043308249,0.8196756233584177,0.8047332357100232,0.0074397033297298465,0.0,4.239695471711457,32.49414023819069,0.020716057469447453
agnews,gemma-2b,ids,5,3,0.8039999999999999,0.005291502622129186,0.790855178784543,0.8171448212154568,0.7994725576820146,0.009067633803455974,0.0,1600.947905652846,23.860528660938144,0.33191713225096464
agnews,gemma-2b,influence,5,3,0.8066666666666666,0.047511402140258195,0.688641800871916,0.9246915324614173,0.8024403309657058,0.04041370098981406,0.0,0.0003862883895635605,49.33533935248852,4423.51476337326
agnews,gemma-2b,random,5,3,0.7126666666666667,0.023094010767584987,0.6552979636033406,0.7700353697299928,0.7094019199523401,0.023391514916530142,0.0,0.024018917853633564,30.796943601220846,7.038656622171402e-05
agnews,gemma-2b,rdes,5,3,0.6733333333333333,0.04355838993045233,0.5651282942439708,0.7815383724226959,0.6676414101026795,0.04181045269410905,0.0,4.033131809284289,49.9579101378719,1.2322432349125545
agnews,gemma-2b,se2,5,3,0.838,0.0040000000000000036,0.8280634491529987,0.8479365508470013,0.8351432139328768,0.001172747754475902,0.0,668.8586074414974,22.472010470616322,0.33782176052530605
agnews,gemma-2b,topk,5,3,0.814,0.00599999999999995,0.7990951737294981,0.8289048262705018,0.8094296130320239,0.0019823774280958014,0.0,2.030051751372715,31.412472107137244,0.39422408988078433
agnews,gemma-2b,topk_cone,5,3,0.834,0.009165151389911688,0.8112325017984194,0.8567674982015805,0.8299455472085979,0.009425891611556684,0.0,95.18796836708982,27.174544067432482,0.44091890938580036
agnews,llama-3.2-3b,bm25,5,3,0.848,0.008717797887081356,0.8263437895052839,0.8696562104947161,0.8436938341115905,0.005951534791666018,0.0,6.579052613427241,71.80266342746715,0.03655090928077698
agnews,llama-3.2-3b,ids,5,3,0.8433333333333333,0.007023769168568499,0.825885323463063,0.8607813432036036,0.8410361198868882,0.004815252678544669,0.0,3650.6334008462727,37.29028050104777,0.8188782203942537
agnews,llama-3.2-3b,influence,5,3,0.832,0.07830708780180759,0.6374744100941855,1.0265255899058143,0.8276283258683592,0.08293831495064899,0.0,0.000518281323214372,32.489618353545666,2863.954662868753
agnews,llama-3.2-3b,random,5,3,0.822,0.010392304845413208,0.7961840836215033,0.8478159163784966,0.8130186249599111,0.012655084400305482,0.0,0.047030676156282425,37.22241005115211,2.8753032286961872e-05
agnews,llama-3.2-3b,rdes,5,3,0.8053333333333333,0.014742229591663937,0.7687116048493993,0.8419550618172674,0.797592153090072,0.013655318290172391,0.0,3.8456775912394128,63.581314980983734,0.5950555521994829
agnews,llama-3.2-3b,se2,5,3,0.866,0.008717797887081356,0.8443437895052839,0.8876562104947161,0.8629182338175744,0.005561951528743416,0.0,1406.2971860220034,48.08158837631345,0.6001068291564783
agnews,llama-3.2-3b,topk,5,3,0.824,0.021999999999999964,0.7693489703414927,0.8786510296585072,0.822301287524434,0.020804086967901543,0.0,3.5117176386217275,35.742576473392546,0.4673388600349426
agnews,llama-3.2-3b,topk_cone,5,3,0.858,0.0069282032302755165,0.8407893890810021,0.8752106109189979,0.856288506248751,0.007125794493614653,0.0,122.300756637007,34.84233940703174,0.5849414672702551
agnews,qwen2.5-7b,bm25,5,3,0.8846666666666666,0.009237604307034021,0.8617191854413361,0.9076141478919971,0.8816388754116194,0.006775080781567516,0.0,6.365288769826293,132.83838720122972,0.03650877562661966
agnews,qwen2.5-7b,ids,5,3,0.8713333333333333,0.013316656236958798,0.8382529253806887,0.9044137412859778,0.8686514112512351,0.010176180763415267,0.0,5886.998589330043,102.45900862974425,0.5876544999579588
agnews,qwen2.5-7b,influence,5,3,0.8966666666666666,0.011372481406154664,0.8684158567294584,0.9249174766038748,0.8938005138580483,0.01041153489843871,0.0,0.001426434765259425,62.40312363269428,5322.62136839889
agnews,qwen2.5-7b,random,5,3,0.8633333333333333,0.007571877794400371,0.8445237461554984,0.8821429205111682,0.859313815305918,0.010593619228737559,0.0,0.025470960264404614,65.5016171267877,2.6285027464230854e-05
agnews,qwen2.5-7b,rdes,5,3,0.868,0.01587450786638756,0.8285655363536294,0.9074344636463706,0.8640526244837856,0.01229744734065015,0.0,4.151128204539418,60.505652079979576,0.6130002935727438
agnews,qwen2.5-7b,se2,5,3,0.882,0.015099668870541512,0.8444903431237454,0.9195096568762546,0.8796668514589546,0.012335733814706512,0.0,2567.6644650964686,86.78774752033253,0.5854504934201638
agnews,qwen2.5-7b,topk,5,3,0.8753333333333333,0.008082903768654767,0.8552542872611691,0.8954123794054974,0.8733895223156911,0.006445684565450868,0.0,3.1138967325290046,66.14361884444952,0.6062112065653006
agnews,qwen2.5-7b,topk_cone,5,3,0.8953333333333333,0.008082903768654767,0.8752542872611692,0.9154123794054975,0.8930814105412493,0.006138237978132706,0.0,216.15881280663112,63.03056744982799,0.6154012673844894
csqa,gemma-2b,bm25,5,3,0.3833333333333333,0.011015141094572214,0.3559702059400557,0.4106964607266109,0.3788584256514806,0.010497880820421612,0.0,6.632004098966718,27.63392590607206,0.028905479858318966
csqa,gemma-2b,ids,5,3,0.42,0.013999999999999981,0.3852220720354954,0.45477792796450456,0.4109495194028854,0.018711144656810043,0.0,2861.0280267596245,21.70441403395186,0.5594421690329909
csqa,gemma-2b,influence,5,3,0.438,0.04703190406521938,0.3211662734561649,0.5548337265438351,0.43202071031133454,0.031031004770681454,0.0,0.0010729394853115082,26.901599147046607,2169.6913428648063
csqa,gemma-2b,random,5,3,0.452,0.02088061301782112,0.4001296817579657,0.5038703182420343,0.44234396057228237,0.026462212436319285,0.0,0.0362632783750693,27.969491647556424,1.8460676074028015e-05
csqa,gemma-2b,rdes,5,3,0.43999999999999995,0.03,0.36547586864749004,0.5145241313525099,0.42530800860647777,0.028727010559804672,0.0,3.5706790635983148,26.029054357980687,0.7350190443297228
csqa,gemma-2b,se2,5,3,0.3833333333333333,0.008082903768654767,0.36325428726116915,0.40341237940549746,0.3758791790902693,0.005003688792688863,0.0,445.9833156665166,21.986096506317455,0.7817775079359611
csqa,gemma-2b,topk,5,3,0.4046666666666667,0.022479620400116477,0.34882419388490526,0.4605091394484281,0.4003414602979493,0.023198058830931376,0.0,2.484654272596041,53.55569704187413,0.7052557524293661
csqa,gemma-2b,topk_cone,5,3,0.39799999999999996,0.008000000000000007,0.3781268983059973,0.4178731016940026,0.3930339242220318,0.008191344321287302,0.0,67.21088378814359,26.62226039295395,0.38774797196189564
csqa,llama-3.2-3b,bm25,5,3,0.722,0.008717797887081356,0.7003437895052839,0.7436562104947161,0.7213983474458923,0.009768267344478037,0.0,5.85946676072975,67.16767003014684,0.024572061374783516
csqa,llama-3.2-3b,ids,5,3,0.7239999999999999,0.011135528725660053,0.6963378131523086,0.7516621868476911,0.7242254986588931,0.012188263571674516,0.0,3262.930500600487,55.5102601206551,0.7375236141184965
csqa,llama-3.2-3b,influence,5,3,0.714,0.015099668870541514,0.6764903431237452,0.7515096568762547,0.7131998674539975,0.01735908829808797,0.0,0.0012373967717091243,35.999511398995914,2865.2625386025757
csqa,llama-3.2-3b,random,5,3,0.714,0.0069282032302755165,0.6967893890810021,0.7312106109189979,0.713172870084425,0.006684494802814458,0.0,0.02333664211134116,35.56993445381522,2.055553098519643e-05
csqa,llama-3.2-3b,rdes,5,3,0.7133333333333333,0.0030550504633038962,0.7057441672661398,0.7209224994005268,0.7121319823884619,0.002613983770558052,0.0,3.1991548594087362,65.26662724589308,0.7375426211704811
csqa,llama-3.2-3b,se2,5,3,0.73,0.0020000000000000018,0.7250317245764993,0.7349682754235006,0.7293214629597458,0.0014683212031211168,0.0,1014.7458804311851,49.38737786126634,0.7144194779296716
csqa,llama-3.2-3b,topk,5,3,0.7266666666666666,0.018583146486355156,0.6805035716769311,0.772829761656402,0.7263934012787594,0.019709911371088826,0.0,2.313330656538407,66.31013557625313,0.7101489280660948
csqa,llama-3.2-3b,topk_cone,5,3,0.7266666666666666,0.011547005383792525,0.6979823151350034,0.7553510181983297,0.7261308382794361,0.011507533763381806,0.0,86.90411092713475,34.584801987434425,0.7234309470901886
csqa,qwen2.5-7b,bm25,5,3,0.8453333333333334,0.01171893055416464,0.8162218960023498,0.8744447706643169,0.8442921471972024,0.012610533685238344,0.0,5.825671669716637,121.66225435398519,0.0254999374349912
csqa,qwen2.5-7b,ids,5,3,0.8333333333333334,0.008082903768654767,0.8132542872611692,0.8534123794054975,0.8330040844311458,0.00808178234402023,0.0,4485.409930525969,51.344396783038974,0.7471155660847822
csqa,qwen2.5-7b,influence,5,3,0.8593333333333333,0.0023094010767585054,0.8535964630270007,0.8650702036396659,0.8582463938613399,0.001983358440039856,0.0,0.0010245175411303837,99.60733542467158,8066.065930085257
csqa,qwen2.5-7b,random,5,3,0.8606666666666666,0.0041633319989322695,0.850324376641582,0.8710089566917512,0.8595826796086912,0.004554799593076967,0.0,0.014577987914284071,120.2649257214119,1.5713895360628765e-05
csqa,qwen2.5-7b,rdes,5,3,0.8546666666666667,0.003055050463303896,0.8470775005994732,0.8622558327338602,0.8532989559384526,0.0023529509821430933,0.0,3.183225038150946,115.62966803399225,0.743951183433334
csqa,qwen2.5-7b,se2,5,3,0.8506666666666667,0.0030550504633038962,0.8430775005994732,0.8582558327338602,0.8496908299861935,0.00373273726508703,0.0,1785.5314694562305,87.19688567270835,0.7140027284622192
csqa,qwen2.5-7b,topk,5,3,0.8473333333333333,0.006429100507328643,0.831362562310445,0.8633041043562215,0.8467936068881294,0.007175930119690018,0.0,2.0409274082630873,118.5110231495152,0.7283156259606282
csqa,qwen2.5-7b,topk_cone,5,3,0.8473333333333333,0.008326663997864537,0.8266487532831642,0.8680179133835023,0.8461045219062102,0.009311353553163539,0.0,168.78219737609228,77.38605271031459,0.4065449507907033
sst5,gemma-2b,bm25,5,3,0.474,0.03469870314579494,0.38780364296670095,0.5601963570332991,0.39622479917060166,0.031409050753447014,0.0,4.0260411867251,37.162295104935765,0.020369959995150566
sst5,gemma-2b,ids,5,3,0.48333333333333334,0.013316656236958798,0.45025292538068873,0.516413741285978,0.34479723775388466,0.017972522294029594,0.0,2509.6249954268956,12.7240019319579,0.6877946586658558
sst5,gemma-2b,influence,5,3,0.49333333333333335,0.0011547005383792527,0.49046489818016703,0.49620176848649966,0.3826211355006757,0.07237074902981917,0.0,0.0007351661721865336,30.054088224035997,2440.3023133793226
sst5,gemma-2b,random,5,3,0.4706666666666666,0.016041612554021274,0.43081709196393486,0.5105162413693984,0.37026458825245395,0.00822311085616716,0.0,0.019132941340406735,36.83398324996233,2.0160650213559467e-05
sst5,gemma-2b,rdes,5,3,0.4366666666666667,0.04225320500664218,0.331703886667349,0.5416294466659844,0.3361569483061704,0.025505280172764815,0.0,3.6085271059225,36.43892866869768,0.6847604357947906
sst5,gemma-2b,se2,5,3,0.48133333333333334,0.02343786110832926,0.4231104586713662,0.5395562079953005,0.4031042053940847,0.008708955028231321,0.0,472.4665493828555,21.543581103285153,1.0804437100887299
sst5,gemma-2b,topk,5,3,0.48066666666666663,0.02715388247255506,0.41321268319615634,0.5481206501371769,0.40281774445119445,0.0074841711970135465,0.0,6.790381809696555,33.949097245310746,0.7066396872202555
sst5,gemma-2b,topk_cone,5,3,0.48666666666666664,0.009865765724632504,0.4621587459748132,0.5111745873585201,0.40469617688553455,0.018246348847028974,0.0,89.06368508686622,37.62667674881717,0.7605040576308966
sst5,llama-3.2-3b,bm25,5,3,0.5086666666666667,0.021385353243127275,0.45554250419631204,0.5617908291370214,0.4647846511568617,0.017716457501157676,0.0,3.60687946776549,25.72640309203416,0.021315382172664005
sst5,llama-3.2-3b,ids,5,3,0.49066666666666664,0.022120880030716095,0.43571535436526,0.5456179789680733,0.4601077297090732,0.03099295532885292,0.0,4295.01837796097,17.659126703937847,0.7240326845397552
sst5,llama-3.2-3b,influence,5,3,0.5393333333333333,0.027153882472555034,0.4718793498628231,0.6067873168038436,0.4738124846168077,0.03346264278585486,0.0,0.00046691950410604477,25.11337713090082,1962.4458860941231
sst5,llama-3.2-3b,random,5,3,0.5106666666666667,0.04406056437828883,0.40121415709355623,0.6201191762397772,0.4669077651970149,0.05722948566994856,0.0,0.018383515998721123,49.46972219583889,1.8108636140823364e-05
sst5,llama-3.2-3b,rdes,5,3,0.47333333333333333,0.03743438704364389,0.3803411607619596,0.5663255059047071,0.39617491560517487,0.06090510262313724,0.0,3.7726899702101946,25.003509716441233,0.665555389598012
sst5,llama-3.2-3b,se2,5,3,0.5293333333333333,0.009865765724632504,0.50482541264148,0.5538412540251867,0.49184281442041017,0.0161332441986275,0.0,407.6721914565812,19.32122208053867,0.7439914780358473
sst5,llama-3.2-3b,topk,5,3,0.5213333333333333,0.013316656236958798,0.4882529253806887,0.5544137412859779,0.4930933570712684,0.013658635386600842,0.0,4.208602176979184,25.226941908399265,0.6950861352185408
sst5,llama-3.2-3b,topk_cone,5,3,0.5213333333333333,0.023007245235649884,0.46418016779996735,0.5784864988666993,0.49526723391209654,0.018361385337201254,0.0,73.38147029777367,25.131052394707996,0.6644610607375702
sst5,qwen2.5-7b,bm25,5,3,0.5386666666666667,0.018583146486355156,0.49250357167693126,0.5848297616564022,0.47172533385610765,0.02070363500295947,0.0,3.4623002279549837,87.76882878504694,0.020979514345526695
sst5,qwen2.5-7b,ids,5,3,0.5533333333333333,0.029280255007996976,0.4805971476583016,0.626069519008365,0.5014475562778081,0.03709224681598266,0.0,3903.5470421140394,30.46841541988154,0.7071377697090308
sst5,qwen2.5-7b,influence,5,3,0.5713333333333334,0.030022213997860512,0.49675401935100943,0.6459126473156573,0.5166263684026421,0.034560250018486345,0.0,0.0012667949000994365,77.64379282481968,5944.262349552165
sst5,qwen2.5-7b,random,5,3,0.5533333333333333,0.030746273486933845,0.4769553558686517,0.629711310798015,0.48314380757643116,0.039311151602139265,0.0,0.027677735934654873,52.819932740802564,1.3056211173534393e-05
sst5,qwen2.5-7b,rdes,5,3,0.5286666666666667,0.029005746557076148,0.45661239778676155,0.6007209355465719,0.42188659688590585,0.06085698207372917,0.0,3.7668750130881867,44.68890856578946,0.7078734003007412
sst5,qwen2.5-7b,se2,5,3,0.5373333333333333,0.023692474191889166,0.47847796470859005,0.5961887019580766,0.44704643085749257,0.027180018994549457,0.0,789.2447638648251,37.37448244076222,0.37482641947766143
sst5,qwen2.5-7b,topk,5,3,0.546,0.013856406460551033,0.5115787781620043,0.5804212218379958,0.4816845111754047,0.00441283600554945,0.0,2.629631989945968,79.98747288994491,0.6763350882877907
sst5,qwen2.5-7b,topk_cone,5,3,0.566,0.011135528725659994,0.5383378131523089,0.593662186847691,0.5135204213785597,0.008038575630375173,0.0,205.44679625642797,80.15934667922556,0.6708288143078486
